{"cameraMode":{"drawMode":0,"name":"Shaded","section":"Shading Mode"},"sceneLighting":true,"audioPlay":false,"sceneViewState":{"showFog":false,"showMaterialUpdate":false,"showSkybox":false,"showFlares":false,"showImageEffects":false,"showParticleSystems":false},"in2DMode":false,"pivot":{"x":4.6376953125,"y":-18.173858642578126,"z":10.302505493164063},"rotation":{"x":-0.13019153475761414,"y":0.8368660807609558,"z":-0.2264907956123352,"w":-0.4810481071472168},"size":662.7233276367188,"orthographic":false}