{"cameraMode":{"drawMode":0,"name":"Shaded","section":"Shading Mode"},"sceneLighting":false,"audioPlay":false,"sceneViewState":{"showFog":true,"showMaterialUpdate":false,"showSkybox":false,"showFlares":true,"showImageEffects":true,"showParticleSystems":true},"in2DMode":false,"pivot":{"x":-3.0337302684783937,"y":5.421672344207764,"z":-13.822688102722168},"rotation":{"x":-0.03827172890305519,"y":0.7227575182914734,"z":-0.04015429690480232,"w":-0.6888719201087952},"size":4.6734619140625,"orthographic":false}