{"cameraMode":{"drawMode":0,"name":"Shaded","section":"Shading Mode"},"sceneLighting":false,"audioPlay":false,"sceneViewState":{"showFog":true,"showMaterialUpdate":false,"showSkybox":false,"showFlares":true,"showImageEffects":true,"showParticleSystems":true},"in2DMode":false,"pivot":{"x":0.4645226001739502,"y":-0.2118527889251709,"z":-0.22066566348075868},"rotation":{"x":-0.2209535390138626,"y":0.6292635202407837,"z":-0.19320547580718995,"w":-0.7196378707885742},"size":3.9405434131622316,"orthographic":false}