{"cameraMode":{"drawMode":0,"name":"Shaded","section":"Shading Mode"},"sceneLighting":false,"audioPlay":false,"sceneViewState":{"showFog":true,"showMaterialUpdate":false,"showSkybox":false,"showFlares":true,"showImageEffects":true,"showParticleSystems":true},"in2DMode":false,"pivot":{"x":7.736356735229492,"y":21.057153701782228,"z":51.63421630859375},"rotation":{"x":0.049155496060848239,"y":-0.9497354626655579,"z":0.24088750779628755,"w":0.19380295276641847},"size":3.808204174041748,"orthographic":false}